date,pre,hum,tem,occ
04/06/2020 18:45,94397.03,49.35,31.44,M
04/06/2020 18:28,94393.59,51.75,31.49,M
25/05/2020 16:00,93940.99,52.46,32.32,M
25/05/2020 16:29,93903.85,50.79,32.18,M
29/05/2020 00:25,95140.24,45.94,31.85,M
25/05/2020 23:21,94133.59,50.58,32.45,M
31/05/2020 19:42,94941.93,54.85,29.91,M
25/05/2020 19:34,93762.94,45.05,32.54,M
31/05/2020 19:23,94852.52,47.68,30.81,H
15/05/2020 00:40,94339.57,60.6,30.36,M
25/05/2020 23:56,94299.81,51.99,31.42,H
15/05/2020 00:19,94354.86,58.98,30.98,M
31/05/2020 19:14,94840.71,48.11,30.94,H
14/05/2020 23:21,94349.5,59.25,31.01,M
24/05/2020 12:30,94258.47,52.89,31.43,M
25/05/2020 19:36,93773.69,44.26,32.55,M
25/05/2020 17:02,93879.31,48.24,32.28,M
14/05/2020 23:36,94365.87,58.75,31.02,H
04/06/2020 18:31,94391.51,50.68,31.5,M
29/05/2020 01:04,95322.86,43.77,31.34,M
26/05/2020 00:14,94349.71,54.88,31.19,M
01/06/2020 12:06,95210.14,58.39,29.6,M
25/05/2020 20:30,93882.76,45.18,32.58,M
14/05/2020 23:55,94372.16,58.16,30.89,H
24/05/2020 12:17,94252.29,53.28,31.49,M
24/05/2020 12:42,94247.7,54.71,31.62,M
24/05/2020 11:56,94254.86,53.91,31.64,H
14/05/2020 23:24,94359.61,59.71,31.06,H
14/05/2020 23:01,94331.09,56.5,30.92,M
24/05/2020 12:02,94261.35,53.78,31.66,M
04/06/2020 23:00,94590.58,56.66,31.85,M
04/06/2020 19:59,94437.75,53.77,31.61,M
25/05/2020 16:03,93936.81,52.25,32.43,M
29/05/2020 00:33,95150.07,48.4,31.86,M
04/06/2020 18:12,94393.1,54.94,31.47,M
15/05/2020 00:17,94354.03,59.67,30.73,M
01/06/2020 12:19,95207.13,59.19,29.24,M
01/06/2020 11:57,95213.36,58.81,29.31,M
04/06/2020 11:21,94694.95,60.46,30.61,M
25/05/2020 16:05,93931.5,51.97,32.43,M
14/05/2020 23:12,94345.12,56.81,31.01,M
04/06/2020 19:57,94436.86,53.63,31.58,M
04/06/2020 19:04,94405.46,47.48,31.41,M
25/05/2020 18:50,93778.89,48.45,32.39,M
29/05/2020 00:40,95140.84,47.7,31.65,M
25/05/2020 15:58,93940.06,52.77,32.27,M
25/05/2020 19:10,93758.3,49.05,32.47,M
04/06/2020 19:08,94403.31,49.01,31.41,M
24/05/2020 11:58,94256.51,53.89,31.65,H
15/05/2020 00:55,94331.25,61.06,30.44,M
04/06/2020 19:07,94401.57,48.21,31.39,M
04/06/2020 18:58,94401.48,48.17,31.41,M
04/06/2020 18:47,94400.26,49.69,31.42,M
04/06/2020 20:00,94442.19,53.81,31.61,M
04/06/2020 18:08,94389.19,55.35,31.54,M
25/05/2020 23:50,94251.88,51,31.81,H
04/06/2020 19:12,94395.29,50.64,31.43,M
04/06/2020 18:29,94394.43,51.93,31.49,M
01/06/2020 11:54,95210.62,58.91,29.19,M
31/05/2020 19:21,94841.94,47.9,30.87,H
31/05/2020 19:23,94848.96,47.71,30.81,H
04/06/2020 18:36,94392.28,50.13,31.44,M
04/06/2020 18:15,94392.81,54.68,31.48,M
04/06/2020 20:04,94448.25,53.99,31.6,M
14/05/2020 23:48,94374.78,57.94,30.9,H
25/05/2020 23:19,94136.39,50.35,32.56,M
29/05/2020 00:15,95122.22,44.5,31.79,M
15/05/2020 00:59,94328.7,60.97,30.57,M
25/05/2020 20:33,93888.69,45.63,32.56,M
29/05/2020 00:56,95239.47,45.97,31.47,M
14/05/2020 23:16,94347.91,57.57,31.1,M
04/06/2020 19:43,94422.35,53.86,31.55,M
25/05/2020 16:19,93912.71,50.27,32.21,M
14/05/2020 21:26,94273.08,55.4,30.88,M
04/06/2020 19:58,94440.26,53.67,31.61,M
14/05/2020 23:09,94347.24,56.88,31,M
29/05/2020 00:24,95141.74,45.9,31.8,M
29/05/2020 00:49,95229.55,45.91,31.55,M
04/06/2020 19:33,94411.64,53.08,31.51,M
25/05/2020 16:14,93909.39,50.78,32.28,M
25/05/2020 23:32,94177.53,51.91,32.62,M
25/05/2020 18:49,93777.86,48.6,32.37,M
31/05/2020 19:04,94828.18,48.18,30.67,H
04/06/2020 11:38,94689.24,60.14,30.69,M
04/06/2020 18:40,94393.09,50.29,31.49,M
15/05/2020 00:53,94331.75,61.22,30.42,M
29/05/2020 00:10,95105.17,42.01,32.03,M
24/05/2020 12:35,94258.59,52.84,31.39,M
29/05/2020 00:16,95121.84,44.58,31.86,M
24/05/2020 12:28,94261.95,53.04,31.36,M
24/05/2020 12:23,94257.75,52.98,31.42,M
14/05/2020 23:15,94350.69,57.33,31.06,M
25/05/2020 16:25,93909.97,50.6,32.14,M
25/05/2020 23:23,94141.52,50.75,32.56,M
04/06/2020 18:07,94392,55.3,31.61,M
14/05/2020 21:25,94271.18,55.27,30.91,M
04/06/2020 18:12,94393.46,54.85,31.47,M
14/05/2020 23:10,94347.39,56.81,31.01,M
24/05/2020 12:40,94249.12,53.66,31.6,M
14/05/2020 23:05,94338.33,56.51,30.93,M
24/05/2020 12:00,94256.62,53.87,31.67,M
24/05/2020 12:39,94248.34,53.39,31.58,M
04/06/2020 19:03,94403.57,47.56,31.43,M
15/05/2020 00:23,94351.29,59.8,30.6,M
25/05/2020 23:58,94302.61,52.05,31.54,H
01/06/2020 12:01,95214.34,58.58,29.44,M
01/06/2020 12:22,95201.39,58.96,29.34,M
25/05/2020 16:08,93933.28,51.4,32.4,M
25/05/2020 19:38,93779.14,44.33,32.55,M
04/06/2020 11:26,94691.57,60.06,30.64,M
26/05/2020 00:15,94350.48,55.2,31.14,M
25/05/2020 23:52,94272.37,51.46,31.46,H
31/05/2020 19:20,94841.38,47.96,30.88,H
01/06/2020 12:14,95212.37,58.9,29.23,M
15/05/2020 00:33,94340.2,60.8,30.34,M
26/05/2020 00:21,94348.45,55.41,31.36,M
24/05/2020 11:51,94256.79,53.81,31.59,H
01/06/2020 12:02,95213.05,58.67,29.46,M
04/06/2020 19:42,94420.14,53.76,31.56,M
29/05/2020 00:09,95063.91,42.48,32.14,M
15/05/2020 00:13,94354.93,59.51,30.74,H
01/06/2020 11:53,95211.18,58.77,29.2,M
25/05/2020 23:49,94246.58,50.77,31.86,H
04/06/2020 18:43,94397.82,48.1,31.48,M
01/06/2020 11:55,95212.13,58.81,29.21,M
14/05/2020 23:27,94354.78,59.06,31.01,H
29/05/2020 00:29,95168.84,47.78,31.82,M
14/05/2020 23:25,94358.58,59.15,31.03,H
15/05/2020 00:31,94343.59,60.54,30.36,M
24/05/2020 12:12,94251.2,53.6,31.64,M
24/05/2020 12:32,94258.51,53.14,31.43,M
31/05/2020 19:18,94838.53,48.01,30.9,H
29/05/2020 00:39,95145.94,48.05,31.62,M
04/06/2020 11:34,94689.71,60.39,30.67,M
25/05/2020 17:01,93881.54,48.72,32.32,M
26/05/2020 00:20,94345.16,55.51,31.37,M
04/06/2020 20:04,94445.11,53.83,31.6,M
24/05/2020 12:19,94250.76,53.17,31.49,M
14/05/2020 23:17,94349.1,57.72,31.13,M
01/06/2020 11:50,95214.11,59.18,29.16,M
04/06/2020 19:39,94419.18,53.33,31.56,M
31/05/2020 19:08,94831.17,48.43,30.81,H
04/06/2020 23:06,94593.17,56.32,31.92,M
14/05/2020 23:00,94331.95,56.4,30.92,M
24/05/2020 12:13,94250.82,53.49,31.6,M
24/05/2020 12:43,94248.01,54.55,31.64,M
14/05/2020 23:51,94374.11,58.18,30.92,H
25/05/2020 16:19,93911.95,50.24,32.2,M
25/05/2020 19:35,93770.91,44.84,32.58,M
04/06/2020 19:23,94402.45,52.38,31.45,M
04/06/2020 18:29,94397.17,51.88,31.48,M
31/05/2020 19:19,94840.5,48.07,30.88,H
01/06/2020 12:18,95206.21,59.49,29.23,M
25/05/2020 16:37,93897.29,49.32,32.12,M
14/05/2020 23:59,94372.73,58.91,30.97,H
04/06/2020 19:52,94433.3,53.71,31.57,M
04/06/2020 18:31,94392.35,50.95,31.49,M
29/05/2020 00:59,95239.32,46.06,31.53,M
25/05/2020 23:20,94135,50.3,32.53,M
31/05/2020 19:44,94953.54,54.93,29.93,M
25/05/2020 23:38,94194.96,50.88,32.44,M
26/05/2020 00:27,94325.52,54.63,31.67,M
04/06/2020 18:27,94396.19,51.77,31.49,M
25/05/2020 15:50,93948.99,53.34,32.03,M
26/05/2020 00:13,94343.83,54.55,31.3,M
01/06/2020 12:16,95209.31,59.07,29.22,M
24/05/2020 11:57,94256.22,53.89,31.66,H
25/05/2020 16:58,93884.56,49.46,32.23,M
04/06/2020 18:15,94393.59,54.56,31.47,M
29/05/2020 00:14,95109.76,44.2,31.85,M
24/05/2020 12:46,94241.12,54.05,31.68,M
25/05/2020 23:45,94224.49,51.37,32.28,H
04/06/2020 20:53,94492.25,47.8,31.34,M
04/06/2020 18:11,94391.17,55.34,31.46,M
04/06/2020 18:24,94394.84,53.28,31.47,M
15/05/2020 00:26,94347.95,60.32,30.48,M
25/05/2020 23:30,94173.3,50.89,32.7,M
24/05/2020 12:07,94257.34,53.65,31.68,M
29/05/2020 00:43,95161.37,47.38,31.58,M
04/06/2020 18:44,94399.06,48.92,31.47,M
14/05/2020 23:45,94372.6,57.76,30.94,H
04/06/2020 11:29,94687.96,60.45,30.65,M
15/05/2020 00:39,94339.96,60.6,30.38,M
25/05/2020 16:53,93881.13,49.93,32.14,M
14/05/2020 23:05,94337.28,56.4,30.96,M
24/05/2020 12:07,94258.19,53.65,31.68,M
29/05/2020 00:11,95110.55,42.45,31.95,M
29/05/2020 00:17,95122.34,44.75,31.83,M
25/05/2020 19:18,93739.92,47.97,32.51,M
04/06/2020 11:29,94688.76,60.39,30.61,M
04/06/2020 18:21,94388.61,54.46,31.45,M
04/06/2020 18:34,94391.52,50.25,31.46,M
04/06/2020 18:39,94389.94,50.4,31.47,M
26/05/2020 00:26,94322.19,55.02,31.59,M
04/06/2020 11:30,94688.17,60.45,30.65,M
15/05/2020 00:18,94356.4,59.5,30.95,M
15/05/2020 00:20,94355.2,59.24,30.82,M
15/05/2020 00:00,94374.18,58.74,30.99,H
15/05/2020 00:27,94349.52,60.27,30.48,M
04/06/2020 18:37,94392.06,50.32,31.48,M
25/05/2020 23:41,94213.23,51.58,32.41,H
14/05/2020 23:33,94360.3,59.3,31.01,H
29/05/2020 00:26,95149.33,46.2,31.83,M
14/05/2020 23:40,94372.9,58.37,31.04,H
14/05/2020 23:29,94353.22,59.26,31,H
04/06/2020 18:55,94402.94,49.59,31.44,M
04/06/2020 11:33,94689.71,60.37,30.65,M
04/06/2020 19:14,94395.84,51.05,31.44,M
25/05/2020 16:59,93884.54,49.43,32.22,M
14/05/2020 23:47,94374.22,57.94,30.92,H
04/06/2020 18:56,94401.34,49.14,31.45,M
31/05/2020 19:11,94838.62,48.49,30.85,H
15/05/2020 00:22,94353.11,59.67,30.66,M
04/06/2020 19:44,94425.17,53.88,31.57,M
25/05/2020 23:51,94265.94,50.99,31.59,H
25/05/2020 16:46,93890.57,49.53,32.15,M
26/05/2020 00:24,94343.48,55.4,31.5,M
24/05/2020 12:33,94259.34,52.9,31.43,M
04/06/2020 23:08,94596.89,56.77,31.95,M
26/05/2020 00:15,94350.23,55.08,31.15,M
29/05/2020 00:51,95251,45.96,31.53,M
15/05/2020 00:18,94354.96,59.94,30.9,M
24/05/2020 12:16,94252.28,53.53,31.53,M
04/06/2020 19:31,94409.59,53.02,31.51,M
29/05/2020 00:22,95127.69,45.34,31.91,M
26/05/2020 00:18,94342.07,55.5,31.32,M
04/06/2020 11:35,94688.76,60.36,30.65,M
01/06/2020 12:08,95211,58.47,29.69,M
15/05/2020 00:16,94354.39,59.66,30.73,M
04/06/2020 18:41,94396.22,49.66,31.47,M
15/05/2020 00:25,94350.86,60.18,30.48,M
01/06/2020 12:07,95208.13,58.03,29.61,M
31/05/2020 19:06,94831.51,48.45,30.76,H
04/06/2020 11:36,94689.39,60.2,30.68,M
15/05/2020 00:25,94350.57,60.05,30.5,M
04/06/2020 18:07,94391.15,55.23,31.6,M
01/06/2020 11:56,95213.19,58.95,29.28,M
31/05/2020 19:42,94942.11,54.89,29.91,M
29/05/2020 00:23,95137.12,45.62,31.84,M
25/05/2020 15:50,93946.9,53.31,32.03,M
26/05/2020 00:12,94340.4,54.11,31.35,M
15/05/2020 00:54,94330.45,61.35,30.44,M
01/06/2020 12:27,95199.48,58.44,29.48,M
25/05/2020 23:38,94198.24,51.31,32.44,M
24/05/2020 12:25,94259.1,53.06,31.43,M
25/05/2020 15:54,93944.64,53.02,32.18,M
25/05/2020 17:06,93877.31,48.41,32.26,M
31/05/2020 19:25,94870.28,47.58,30.79,H
01/06/2020 11:59,95212.97,58.79,29.44,M
04/06/2020 18:38,94391.66,50.43,31.47,M
04/06/2020 20:51,94486.55,48.89,31.39,M
25/05/2020 23:42,94215.47,51.9,32.43,H
01/06/2020 12:18,95206.95,59.09,29.23,M
26/05/2020 00:05,94318.33,52.95,31.44,M
25/05/2020 19:11,93754.95,49.19,32.48,M
15/05/2020 00:06,94364.09,59.08,30.88,H
04/06/2020 18:32,94393.17,50.49,31.49,M
24/05/2020 12:01,94259.09,53.86,31.67,M
14/05/2020 23:03,94332.64,56.48,30.93,M
25/05/2020 18:54,93779.48,48.37,32.41,M
25/05/2020 23:34,94181.65,51.4,32.51,M
31/05/2020 19:45,94959.55,55.27,29.82,M
15/05/2020 00:48,94337.4,60.78,30.3,M
25/05/2020 16:40,93903.97,50.38,32.1,M
25/05/2020 15:49,93948.34,53.3,32.03,M
04/06/2020 19:35,94413.94,53.01,31.52,M
25/05/2020 16:44,93896.33,50.02,32.17,M
25/05/2020 18:54,93780.32,48.27,32.42,M
25/05/2020 19:15,93742.84,48.92,32.49,M
15/05/2020 00:36,94342.38,60.8,30.37,M
25/05/2020 19:07,93761.66,48.62,32.43,M
24/05/2020 11:46,94257.64,53.79,31.52,H
04/06/2020 20:06,94450.11,53.75,31.6,M
04/06/2020 11:27,94689.18,60.18,30.66,M
31/05/2020 19:31,94896.81,49.69,30.71,M
15/05/2020 00:38,94339.3,60.63,30.41,M
25/05/2020 23:50,94254.9,50.71,31.73,H
25/05/2020 19:04,93776.77,48.33,32.45,M
15/05/2020 00:58,94329.94,61,30.55,M
04/06/2020 19:09,94401.77,49.43,31.43,M
15/05/2020 00:32,94342.62,60.66,30.36,M
14/05/2020 23:49,94375.13,58.02,30.9,H
28/05/2020 23:33,94957.82,42.38,31.69,M
25/05/2020 23:22,94134.73,50.69,32.5,M
14/05/2020 23:03,94332.5,56.44,30.93,M
25/05/2020 16:34,93905.36,50,32.14,M
01/06/2020 12:21,95202.03,59.06,29.32,M
14/05/2020 23:30,94356.66,59.32,30.99,H
25/05/2020 18:59,93781.07,48.34,32.44,M
14/05/2020 23:25,94358.02,59.05,31.02,H
24/05/2020 11:55,94254.69,53.86,31.63,H
04/06/2020 19:59,94438.82,53.71,31.59,M
31/05/2020 19:26,94884.84,47.78,30.69,H
25/05/2020 19:10,93757.5,49.39,32.49,M
04/06/2020 19:25,94407.61,52.52,31.48,M
04/06/2020 19:20,94399.57,52,31.4,M
04/06/2020 20:49,94483.28,49.34,31.47,M
25/05/2020 16:39,93900.97,50.06,32.12,M
24/05/2020 12:24,94259.8,52.89,31.42,M
04/06/2020 20:06,94448.44,53.61,31.57,M
01/06/2020 12:05,95210.87,58.17,29.59,M
24/05/2020 12:15,94250.83,53.47,31.54,M
01/06/2020 11:58,95213.33,58.65,29.38,M
25/05/2020 23:47,94229.82,51.09,32.22,H
14/05/2020 23:51,94374.21,58.15,30.91,H
15/05/2020 01:00,94328.53,60.97,30.56,M
25/05/2020 16:35,93902.55,49.63,32.13,M
25/05/2020 19:02,93778.22,48.32,32.45,M
31/05/2020 19:22,94847.69,47.77,30.84,H
25/05/2020 23:39,94202.07,50.89,32.38,H
15/05/2020 00:59,94328.94,60.99,30.57,M
14/05/2020 23:31,94355.61,59.36,31.01,H
25/05/2020 15:54,93945.48,53.12,32.17,M
25/05/2020 15:53,93945.08,53.3,32.13,M
14/05/2020 23:26,94354.83,59.02,31.01,H
14/05/2020 23:47,94374.23,58,30.91,H
04/06/2020 23:04,94593.54,56.76,31.91,M
14/05/2020 23:35,94363.81,59.07,31.03,H
25/05/2020 20:34,93892.66,44.64,32.52,M
04/06/2020 18:13,94393.15,54.8,31.48,M
25/05/2020 15:51,93947.02,53.3,32.1,M
29/05/2020 01:01,95281.65,43.87,31.39,M
04/06/2020 18:49,94400.83,49.22,31.45,M
26/05/2020 00:19,94342.86,55.67,31.32,M
25/05/2020 16:10,93926.89,51.2,32.38,M
25/05/2020 23:37,94193.4,51.48,32.45,M
04/06/2020 19:05,94403.19,48.11,31.41,M
24/05/2020 12:27,94259.88,53.13,31.37,M
25/05/2020 23:43,94223.79,51.56,32.44,H
25/05/2020 16:23,93913.18,49.97,32.13,M
26/05/2020 00:03,94319.49,52.63,31.46,M
04/06/2020 19:00,94399.06,48.45,31.41,M
04/06/2020 18:35,94392.53,49.74,31.43,M
25/05/2020 15:53,93942.97,52.98,32.09,M
04/06/2020 19:24,94405.89,52.5,31.47,M
26/05/2020 00:05,94319.95,52.94,31.41,M
04/06/2020 18:19,94390.61,54.65,31.47,M
29/05/2020 00:47,95197.34,46.81,31.58,M
28/05/2020 23:30,94948.07,42.37,31.68,M
24/05/2020 12:10,94256.49,53.65,31.66,M
25/05/2020 16:15,93907.99,50.87,32.26,M
04/06/2020 19:25,94409.19,52.54,31.49,M
25/05/2020 16:15,93909.12,50.8,32.27,M
04/06/2020 23:02,94591.16,56.51,31.89,M
14/05/2020 23:19,94352.2,58.48,31.15,M
04/06/2020 11:31,94688.3,60.41,30.64,M
04/06/2020 11:25,94692.3,60.22,30.66,M
04/06/2020 18:53,94399.17,49.2,31.41,M
29/05/2020 00:44,95167.63,47.69,31.61,M
29/05/2020 00:48,95223.72,46.02,31.56,M
04/06/2020 11:24,94694.58,59.74,30.65,M
29/05/2020 00:27,95144.93,46.93,31.84,M
26/05/2020 00:00,94316.16,51.78,31.59,M
29/05/2020 00:19,95120.22,45.17,31.79,M
14/05/2020 23:36,94365.85,58.98,31.03,H
26/05/2020 00:21,94349.15,55.58,31.34,M
04/06/2020 19:11,94395.07,50.31,31.43,M
25/05/2020 16:32,93899.66,50.15,32.18,M
04/06/2020 18:39,94390.23,49.91,31.45,M
15/05/2020 00:17,94355.7,60.48,30.8,M
15/05/2020 00:34,94339.09,60.9,30.33,M
25/05/2020 16:41,93902.8,50.49,32.14,M
25/05/2020 16:37,93900.43,49.4,32.12,M
25/05/2020 23:48,94232.79,50.57,32.12,H
28/05/2020 23:31,94949.62,42.27,31.69,M
15/05/2020 00:51,94332.78,60.9,30.36,M
04/06/2020 18:57,94398.98,49.27,31.44,M
15/05/2020 00:50,94330.94,61.14,30.36,M
04/06/2020 19:30,94409.14,52.95,31.51,M
24/05/2020 12:45,94244.23,54.06,31.67,M
25/05/2020 19:15,93741.41,48.77,32.5,M
29/05/2020 00:52,95268.95,45.27,31.41,M
31/05/2020 19:12,94839.52,48.49,30.85,H
01/06/2020 12:25,95199.64,58.72,29.43,M
01/06/2020 12:14,95213.01,58.78,29.25,M
29/05/2020 00:10,95107.44,42.15,32.04,M
31/05/2020 19:19,94841.53,48.05,30.89,H
04/06/2020 11:20,94694.26,60.5,30.61,M
04/06/2020 19:54,94432.18,53.74,31.6,M
24/05/2020 11:52,94254.95,53.84,31.6,H
24/05/2020 12:19,94251.27,53.22,31.48,M
01/06/2020 12:13,95211.24,58.58,29.26,M
24/05/2020 12:22,94255.07,53.5,31.42,M
04/06/2020 19:29,94411.78,52.85,31.52,M
04/06/2020 11:34,94688.72,60.35,30.66,M
25/05/2020 16:16,93906.33,50.75,32.26,M
25/05/2020 17:05,93873.65,48.28,32.26,M
15/05/2020 00:33,94341.66,60.75,30.35,M
29/05/2020 00:50,95234.92,46.67,31.56,M
14/05/2020 23:44,94372.96,58.17,31.02,H
04/06/2020 18:05,94397.18,55.5,31.7,M
29/05/2020 00:39,95146.9,48.03,31.63,M
24/05/2020 12:21,94251.01,52.97,31.43,M
15/05/2020 00:02,94371.49,58.79,30.96,H
04/06/2020 23:05,94591.23,56.64,31.92,M
14/05/2020 23:20,94350.32,58.86,31.08,M
04/06/2020 18:21,94390.31,54.35,31.44,M
31/05/2020 19:34,94908.75,51.71,30.43,M
14/05/2020 23:37,94368.56,58.71,31.01,H
29/05/2020 00:36,95139.9,48.35,31.72,M
29/05/2020 00:58,95235.49,46.78,31.52,M
25/05/2020 23:24,94146.65,58.38,33.37,M
31/05/2020 19:09,94831.36,48.58,30.84,H
28/05/2020 23:38,94990.36,42.48,31.76,M
25/05/2020 23:26,94156.17,50.16,32.95,M
14/05/2020 23:42,94372.48,58.18,31.01,H
25/05/2020 23:55,94297.83,51.62,31.3,H
25/05/2020 19:33,93760.77,45.05,32.52,M
25/05/2020 20:31,93884.72,44.81,32.56,M
14/05/2020 23:07,94345.83,56.83,30.95,M
15/05/2020 00:56,94333.34,61.1,30.48,M
24/05/2020 12:16,94251.43,53.42,31.51,M
31/05/2020 19:05,94827.67,48.25,30.67,H
01/06/2020 12:15,95210.62,59.06,29.19,M
04/06/2020 23:07,94594.59,56.46,31.9,M
28/05/2020 23:31,94953.11,42.46,31.69,M
31/05/2020 19:03,94825.25,48.11,30.67,H
04/06/2020 19:39,94416.35,53.29,31.56,M
25/05/2020 19:38,93777.68,44.54,32.56,M
04/06/2020 18:57,94401.36,48.68,31.43,M
25/05/2020 19:37,93774.8,44.29,32.54,M
04/06/2020 19:05,94404.74,47.93,31.43,M
29/05/2020 00:15,95113.46,44.49,31.83,M
25/05/2020 15:52,93944.43,53,32.11,M
04/06/2020 19:40,94418.73,53.55,31.57,M
04/06/2020 19:06,94404.33,47.61,31.43,M
25/05/2020 16:59,93882.33,49.35,32.23,M
04/06/2020 18:26,94392.58,52.88,31.48,M
04/06/2020 11:27,94690.29,60.18,30.67,M
04/06/2020 19:36,94412.9,53.02,31.52,M
24/05/2020 11:50,94257.62,53.8,31.59,H
24/05/2020 12:29,94262.33,52.98,31.37,M
25/05/2020 19:00,93780.64,48.23,32.45,M
04/06/2020 19:22,94406.06,52.35,31.44,M
25/05/2020 23:30,94174.68,50.68,32.67,M
25/05/2020 16:57,93880.03,49.94,32.24,M
04/06/2020 20:54,94493.82,48.32,31.33,M
04/06/2020 19:16,94396.04,51.42,31.43,M
24/05/2020 12:04,94259.6,53.69,31.67,M
04/06/2020 11:19,94694.78,60.27,30.65,M
26/05/2020 00:09,94333.98,53.7,31.38,M
24/05/2020 11:45,94261.88,53.7,31.57,H
24/05/2020 12:31,94258.59,52.93,31.43,M
24/05/2020 11:48,94258.54,53.79,31.56,H
15/05/2020 00:46,94337.73,60.78,30.29,M
26/05/2020 00:14,94350.22,54.85,31.23,M
15/05/2020 00:37,94340.2,60.75,30.4,M
14/05/2020 23:52,94376.69,58.2,30.91,H
29/05/2020 00:54,95250.85,46.19,31.45,M
14/05/2020 23:32,94356.86,59.31,31,H
04/06/2020 18:37,94392.09,49.83,31.48,M
04/06/2020 19:14,94394.97,51.18,31.43,M
31/05/2020 19:27,94886.75,48.1,30.68,H
24/05/2020 12:32,94257.17,53.1,31.45,M
25/05/2020 19:18,93739.61,48.69,32.53,M
04/06/2020 19:24,94409.61,52.49,31.47,M
04/06/2020 20:03,94445.19,53.73,31.61,M
14/05/2020 23:33,94361.04,59.29,31.02,H
29/05/2020 00:49,95231.36,46.03,31.55,M
15/05/2020 00:35,94341.16,60.83,30.34,M
25/05/2020 19:13,93747.06,49.15,32.48,M
31/05/2020 19:38,94929.29,54.24,29.91,M
14/05/2020 23:02,94331.44,56.51,30.93,M
24/05/2020 12:18,94253.51,53.21,31.47,M
14/05/2020 23:34,94362.79,59.19,31.03,H
31/05/2020 19:13,94840.42,48.37,30.87,H
01/06/2020 11:58,95213.31,58.71,29.34,M
25/05/2020 16:06,93932.04,51.72,32.39,M
14/05/2020 21:25,94270.21,55.37,30.91,M
04/06/2020 18:40,94392.76,50.3,31.48,M
29/05/2020 01:08,95417.79,48.97,30.87,M
04/06/2020 11:35,94689.57,60.34,30.67,M
15/05/2020 00:01,94371.57,58.73,30.98,H
29/05/2020 00:35,95138.99,49.23,31.79,M
14/05/2020 23:43,94371.63,58.16,31.02,H
28/05/2020 23:37,94988.09,42.1,31.75,M
01/06/2020 12:17,95208.33,59.03,29.2,M
24/05/2020 11:50,94257.79,53.79,31.61,H
26/05/2020 00:11,94340.25,53.92,31.4,M
26/05/2020 00:27,94325,54.85,31.63,M
14/05/2020 23:26,94356.1,59.01,31.01,H
01/06/2020 12:03,95213.9,58.49,29.51,M
15/05/2020 00:01,94373.08,58.72,30.96,H
25/05/2020 16:18,93905.48,50.36,32.27,M
24/05/2020 12:03,94260.66,53.76,31.66,M
04/06/2020 18:32,94392.1,50.89,31.48,M
25/05/2020 16:48,93888.57,49.05,32.15,M
25/05/2020 18:57,93777.32,48.18,32.44,M
24/05/2020 11:49,94257.33,53.8,31.57,H
25/05/2020 16:28,93904.93,50.89,32.18,M
15/05/2020 00:48,94339.4,60.79,30.3,M
31/05/2020 19:16,94835.94,48.01,30.87,H
25/05/2020 16:21,93908.87,49.88,32.15,M
24/05/2020 12:30,94260.56,52.82,31.39,M
29/05/2020 01:01,95270.87,44.38,31.45,M
04/06/2020 19:09,94400.24,49.41,31.41,M
24/05/2020 12:13,94251.07,53.59,31.6,M
14/05/2020 23:08,94347.12,56.86,30.99,M
24/05/2020 12:42,94247.53,54.5,31.63,M
25/05/2020 16:22,93910.88,49.85,32.14,M
31/05/2020 19:14,94840.37,48.32,30.91,H
29/05/2020 00:11,95108.98,41.77,31.97,M
14/05/2020 23:14,94350.05,57.15,31.05,M
25/05/2020 16:32,93900.79,50.2,32.19,M
26/05/2020 00:01,94319.09,51.75,31.5,M
25/05/2020 16:42,93902.25,50.46,32.16,M
25/05/2020 16:51,93884.18,49.15,32.14,M
04/06/2020 18:50,94403.93,49.2,31.44,M
25/05/2020 16:34,93903.72,49.97,32.12,M
25/05/2020 16:38,93900.55,49.73,32.1,M
25/05/2020 16:20,93912.03,49.98,32.21,M
26/05/2020 00:28,94328.12,54.36,31.69,M
04/06/2020 19:43,94425.67,53.88,31.56,M
04/06/2020 18:16,94391.47,54.73,31.46,M
25/05/2020 20:34,93891.12,45.02,32.53,M
15/05/2020 00:27,94350.48,60.26,30.46,M
31/05/2020 19:41,94937.85,54.92,29.87,M
04/06/2020 18:14,94394.81,54.86,31.46,M
25/05/2020 17:00,93880.9,49.09,32.25,M
25/05/2020 19:14,93744.23,49.08,32.48,M
25/05/2020 23:35,94182.02,51.09,32.49,M
25/05/2020 23:37,94191.5,51.26,32.44,M
25/05/2020 23:36,94188.38,50.75,32.44,M
04/06/2020 19:21,94402.6,52.26,31.41,M
25/05/2020 19:36,93773.02,44.43,32.55,M
28/05/2020 23:30,94946.77,42.66,31.68,M
25/05/2020 16:12,93919.69,51.01,32.37,M
04/06/2020 20:58,94495.03,47.34,31.27,M
29/05/2020 01:06,95352.01,44.84,31.27,M
25/05/2020 17:04,93870.61,48.26,32.25,M
04/06/2020 19:33,94413.4,53.04,31.53,M
04/06/2020 19:23,94405.62,52.43,31.47,M
04/06/2020 11:25,94692.24,60.24,30.64,M
24/05/2020 12:11,94252.86,53.59,31.65,M
25/05/2020 18:49,93777.42,48.32,32.37,M
14/05/2020 23:07,94344.38,56.79,30.95,M
14/05/2020 23:01,94331.38,56.45,30.92,M
25/05/2020 18:53,93781.75,48.27,32.42,M
29/05/2020 01:07,95404.38,48.02,30.95,M
15/05/2020 00:14,94355.63,59.44,30.72,H
15/05/2020 00:29,94342.98,60.47,30.44,M
15/05/2020 00:35,94341.34,60.91,30.35,M
29/05/2020 00:52,95266.83,45.45,31.49,M
25/05/2020 20:31,93883.63,44.98,32.57,M
25/05/2020 23:49,94242.52,50.8,31.97,H
15/05/2020 00:10,94362.65,59.1,30.8,H
04/06/2020 18:17,94389.09,54.7,31.45,M
14/05/2020 23:39,94368.97,58.37,31.04,H
14/05/2020 23:06,94338.52,56.62,30.94,M
25/05/2020 16:38,93901.96,49.54,32.11,M
31/05/2020 19:44,94951.67,55.04,29.91,M
29/05/2020 00:37,95145.71,47.91,31.65,M
01/06/2020 12:05,95211.09,58.2,29.57,M
25/05/2020 19:06,93766.94,48.62,32.43,M
24/05/2020 12:33,94257.5,52.89,31.43,M
15/05/2020 00:50,94332.44,61.27,30.35,M
25/05/2020 20:37,93902.62,45.07,32.5,M
24/05/2020 12:20,94251.25,53.3,31.47,M
04/06/2020 23:03,94589.84,56.43,31.9,M
25/05/2020 23:28,94168.58,50.02,32.81,M
29/05/2020 00:43,95157.82,47.52,31.58,M
31/05/2020 19:43,94951.11,55.05,29.92,M
14/05/2020 23:23,94354.79,59.64,30.95,H
25/05/2020 16:03,93936.74,52.16,32.39,M
14/05/2020 23:49,94374.52,58.1,30.91,H
04/06/2020 18:19,94389.33,54.74,31.47,M
15/05/2020 00:36,94337,60.77,30.39,M
04/06/2020 19:01,94400.99,47.7,31.41,M
25/05/2020 16:43,93900.77,50.21,32.16,M
14/05/2020 23:19,94351.92,58.56,31.13,M
31/05/2020 19:20,94841.77,47.99,30.9,H
25/05/2020 23:25,94148.3,51.16,33.13,M
25/05/2020 16:17,93904.79,50.44,32.26,M
14/05/2020 23:18,94351.62,58.18,31.14,M
29/05/2020 00:23,95135.19,45.56,31.83,M
25/05/2020 16:52,93882.94,49.54,32.13,M
28/05/2020 23:32,94955.96,42.27,31.7,M
04/06/2020 22:59,94587.65,57.03,31.82,M
25/05/2020 23:53,94283.57,51.22,31.38,H
04/06/2020 18:20,94388.32,54.54,31.47,M
31/05/2020 19:31,94900.04,49.92,30.68,M
24/05/2020 12:20,94250.49,53.08,31.44,M
15/05/2020 00:43,94342.26,60.73,30.3,M
04/06/2020 20:02,94446.51,53.88,31.62,M
29/05/2020 00:42,95149.05,47.77,31.59,M
25/05/2020 16:45,93893.42,49.93,32.15,M
04/06/2020 11:24,94693.18,59.93,30.64,M
15/05/2020 00:44,94339.49,60.74,30.29,M
01/06/2020 12:09,95212.87,57.99,29.7,M
31/05/2020 19:10,94837.01,48.49,30.86,H
26/05/2020 00:09,94332.59,53.5,31.39,M
15/05/2020 00:29,94342.67,60.46,30.46,M
25/05/2020 23:25,94150.1,50.08,33.05,M
25/05/2020 16:31,93898.16,50.44,32.21,M
24/05/2020 12:25,94260.13,53.46,31.45,M
04/06/2020 19:56,94437.24,53.64,31.56,M
04/06/2020 19:15,94394.92,51.37,31.43,M
15/05/2020 00:31,94343.6,60.5,30.38,M
25/05/2020 18:56,93776.49,48.2,32.42,M
14/05/2020 23:09,94346.77,56.84,31.01,M
29/05/2020 00:16,95122.74,44.62,31.83,M
25/05/2020 18:59,93780.13,48.22,32.45,M
15/05/2020 00:19,94357.94,59.28,31,M
14/05/2020 23:00,94334.68,56.36,30.93,M
31/05/2020 19:03,94823.93,48.04,30.69,H
15/05/2020 00:09,94364.34,59.18,30.83,H
24/05/2020 12:26,94259.36,53.19,31.41,M
24/05/2020 12:06,94257.21,53.62,31.68,M
15/05/2020 00:03,94369.74,58.88,30.94,H
25/05/2020 23:46,94224.76,51.22,32.24,H
24/05/2020 11:45,94259.26,53.69,31.56,H
15/05/2020 00:02,94370.01,58.84,30.95,H
29/05/2020 00:29,95158.44,48.44,31.85,M
31/05/2020 19:38,94925.27,54.01,29.91,M
01/06/2020 11:53,95210.66,58.84,29.19,M
25/05/2020 16:14,93911.83,50.9,32.28,M
29/05/2020 00:57,95231.31,45.14,31.46,M
31/05/2020 19:12,94841.06,48.5,30.86,H
14/05/2020 23:46,94374.52,58.14,30.93,H
25/05/2020 19:14,93747.15,49.16,32.48,M
04/06/2020 19:38,94415.21,53.24,31.54,M
04/06/2020 19:06,94405.62,48.08,31.42,M
24/05/2020 12:18,94251.51,53.23,31.48,M
24/05/2020 12:38,94249.45,53.24,31.55,M
25/05/2020 16:06,93929.3,51.78,32.41,M
04/06/2020 23:02,94589.77,56.51,31.87,M
26/05/2020 00:08,94329.65,53.39,31.38,M
28/05/2020 23:35,94977.44,42.74,31.75,M
24/05/2020 11:54,94255.23,53.84,31.64,H
04/06/2020 18:35,94393.66,49.92,31.45,M
25/05/2020 19:34,93765.51,44.83,32.55,M
31/05/2020 19:27,94887.26,48.36,30.69,H
31/05/2020 19:15,94841.54,48.07,30.9,H
15/05/2020 00:54,94329.71,61.35,30.45,M
15/05/2020 00:53,94330.61,61.28,30.42,M
25/05/2020 17:07,93873.02,48.44,32.28,M
14/05/2020 23:29,94354.76,59.31,30.97,H
04/06/2020 11:21,94694.27,60.46,30.6,M
24/05/2020 12:44,94246.21,54.05,31.66,M
15/05/2020 00:57,94333.31,61.07,30.5,M
01/06/2020 11:55,95213.14,58.93,29.24,M
15/05/2020 00:37,94339.32,60.8,30.4,M
04/06/2020 19:00,94399.9,48.11,31.4,M
25/05/2020 20:36,93899.32,44.88,32.48,M
25/05/2020 23:26,94154.3,50.06,33,M
31/05/2020 19:43,94944.9,54.94,29.94,M
04/06/2020 18:42,94398.22,49.31,31.46,M
25/05/2020 19:08,93760.44,48.98,32.44,M
14/05/2020 23:13,94347.08,56.83,31.04,M
15/05/2020 00:12,94357.08,59.32,30.75,H
04/06/2020 19:16,94398.84,51.23,31.41,M
04/06/2020 18:49,94403.19,49.5,31.43,M
28/05/2020 23:32,94954.68,42.43,31.68,M
04/06/2020 20:00,94438.55,53.83,31.61,M
26/05/2020 00:04,94320.16,52.52,31.44,M
24/05/2020 12:45,94243.99,54,31.66,M
04/06/2020 19:51,94433.63,53.84,31.6,M
29/05/2020 00:18,95124.27,44.73,31.85,M
25/05/2020 17:03,93878.49,48.39,32.26,M
04/06/2020 19:10,94401.87,50.06,31.42,M
25/05/2020 19:11,93756.03,49.25,32.47,M
31/05/2020 19:40,94934.69,54.8,29.85,M
24/05/2020 12:40,94247.69,53.92,31.6,M
04/06/2020 11:23,94696.79,61.03,30.69,M
01/06/2020 12:28,95200.55,58.38,29.49,M
04/06/2020 19:13,94396.64,51,31.44,M
15/05/2020 00:04,94368.02,59.01,30.91,H
25/05/2020 20:29,93880.67,44.82,32.55,M
01/06/2020 12:12,95209.27,58.25,29.36,M
29/05/2020 00:31,95163.51,49.53,31.92,M
29/05/2020 01:05,95334.81,44.23,31.3,M
25/05/2020 18:51,93779.35,48.14,32.4,M
25/05/2020 23:19,94138.8,50.52,32.56,M
01/06/2020 12:26,95198.29,58.59,29.46,M
04/06/2020 19:41,94420.35,53.74,31.57,M
14/05/2020 23:55,94374.45,58.18,30.93,H
15/05/2020 00:07,94362.91,59.1,30.87,H
25/05/2020 23:56,94299.72,51.99,31.35,H
24/05/2020 11:53,94256.43,53.83,31.61,H
15/05/2020 00:51,94333.41,60.96,30.36,M
04/06/2020 22:59,94587.31,56.73,31.81,M
04/06/2020 23:04,94591.6,56.61,31.89,M
24/05/2020 12:27,94259.99,53.15,31.36,M
14/05/2020 23:28,94353.37,59.17,31.01,H
31/05/2020 19:02,94824.31,48.01,30.7,H
24/05/2020 12:02,94260.94,53.84,31.67,M
25/05/2020 19:29,93751.85,45.33,32.51,M
29/05/2020 00:34,95144.87,48.15,31.79,M
31/05/2020 19:47,94962.57,55.18,29.9,M
24/05/2020 12:36,94255.31,53.07,31.46,M
26/05/2020 00:22,94348.74,55.76,31.36,M
25/05/2020 23:51,94261.01,50.68,31.65,H
25/05/2020 16:07,93932.99,51.57,32.38,M
25/05/2020 16:47,93889.27,49.33,32.16,M
15/05/2020 00:55,94331.6,61.2,30.46,M
15/05/2020 00:43,94341.73,60.72,30.3,M
25/05/2020 19:08,93760.66,48.73,32.43,M
04/06/2020 23:07,94597.15,56.59,31.92,M
04/06/2020 19:41,94416.91,53.67,31.59,M
25/05/2020 23:31,94175.01,51.19,32.64,M
04/06/2020 19:49,94431.07,53.87,31.6,M
04/06/2020 18:06,94394.81,55.52,31.66,M
14/05/2020 23:17,94349.72,57.83,31.14,M
26/05/2020 00:02,94320.54,51.92,31.47,M
04/06/2020 20:57,94495.59,47.88,31.28,M
31/05/2020 19:11,94836.46,48.46,30.87,H
04/06/2020 20:08,94452.14,53.44,31.59,M
04/06/2020 20:54,94495.31,47.95,31.31,M
04/06/2020 19:08,94403.02,48.83,31.42,M
04/06/2020 18:42,94396.38,49.32,31.47,M
01/06/2020 11:51,95213.41,58.89,29.14,M
04/06/2020 19:46,94427.43,53.85,31.6,M
25/05/2020 23:52,94267.67,51.19,31.5,H
25/05/2020 16:54,93881.28,50.1,32.19,M
04/06/2020 18:18,94388.04,54.68,31.47,M
15/05/2020 00:42,94340.99,60.74,30.3,M
25/05/2020 16:36,93899.77,49.42,32.13,M
28/05/2020 23:33,94959.98,42.4,31.71,M
24/05/2020 12:34,94259.82,53.24,31.44,M
14/05/2020 23:45,94372.95,57.94,30.9,H
26/05/2020 00:03,94319.6,52.45,31.46,M
29/05/2020 00:45,95182.56,47.61,31.64,M
04/06/2020 20:56,94496.06,48.1,31.27,M
25/05/2020 23:46,94226.62,51.61,32.24,H
04/06/2020 19:57,94437.52,53.71,31.59,M
31/05/2020 19:07,94830.45,48.38,30.82,H
29/05/2020 00:37,95138.51,47.97,31.66,M
01/06/2020 12:26,95199.37,58.49,29.46,M
24/05/2020 12:31,94259.07,52.83,31.44,M
25/05/2020 15:57,93940.9,52.76,32.25,M
29/05/2020 00:09,95084.54,42.21,32.1,M
25/05/2020 19:31,93749.91,45.05,32.54,M
25/05/2020 17:07,93875.39,48.4,32.26,M
25/05/2020 18:55,93778.53,48.48,32.41,M
25/05/2020 16:02,93934.51,52.29,32.45,M
25/05/2020 15:51,93947.28,53.3,32.05,M
14/05/2020 23:11,94346.51,56.79,31.01,M
31/05/2020 19:24,94861.55,47.6,30.82,H
29/05/2020 01:00,95260.6,45.55,31.53,M
25/05/2020 16:36,93902.37,49.46,32.13,M
29/05/2020 01:03,95300.38,43.69,31.38,M
25/05/2020 23:44,94224.16,50.73,32.34,H
25/05/2020 17:08,93876.55,48.4,32.31,M
29/05/2020 00:12,95117,43.45,31.88,M
04/06/2020 19:55,94437.36,53.61,31.58,M
31/05/2020 19:24,94856.61,47.61,30.82,H
25/05/2020 19:03,93778.21,48.37,32.45,M
14/05/2020 23:11,94345.2,56.8,31.02,M
25/05/2020 19:29,93750.83,45.8,32.55,M
14/05/2020 23:31,94355.73,59.33,31.01,H
24/05/2020 11:53,94255.84,53.82,31.63,H
28/05/2020 23:34,94968.95,42.76,31.72,M
25/05/2020 20:35,93893.13,44.72,32.5,M
24/05/2020 11:57,94255.83,53.9,31.65,H
25/05/2020 15:57,93940.52,52.72,32.25,M
25/05/2020 23:43,94223.06,51.07,32.41,H
29/05/2020 00:41,95144.11,47.96,31.64,M
24/05/2020 12:22,94254.77,53.16,31.43,M
15/05/2020 00:20,94354.2,59.13,30.87,M
25/05/2020 23:24,94146.54,60.67,33.3,M
04/06/2020 18:34,94391.19,50.23,31.48,M
31/05/2020 19:29,94892.77,49.24,30.65,M
14/05/2020 23:24,94357.95,59.53,30.96,H
25/05/2020 16:40,93902.74,50.28,32.12,M
25/05/2020 15:55,93941.78,53,32.21,M
04/06/2020 19:27,94408.98,52.67,31.5,M
25/05/2020 19:30,93750.16,45.16,32.52,M
25/05/2020 16:44,93894.95,50.16,32.16,M
04/06/2020 20:07,94447.48,53.71,31.58,M
25/05/2020 19:35,93768.25,44.99,32.56,M
01/06/2020 12:10,95208.66,57.5,29.59,M
29/05/2020 00:58,95233.54,45.5,31.48,M
04/06/2020 20:55,94494.36,48.01,31.25,M
04/06/2020 19:15,94395.42,51.29,31.43,M
25/05/2020 23:29,94170.44,50.72,32.78,M
29/05/2020 00:38,95141.6,47.88,31.63,M
04/06/2020 18:38,94390.9,50.34,31.46,M
04/06/2020 11:26,94689.17,60.06,30.64,M
25/05/2020 19:01,93781.46,48.36,32.49,M
04/06/2020 18:48,94401.33,49.39,31.42,M
04/06/2020 11:32,94688.91,60.4,30.67,M
24/05/2020 12:41,94247,54.74,31.61,M
01/06/2020 11:49,95216.95,59.43,29.14,M
29/05/2020 00:31,95156.21,48.42,31.9,M
25/05/2020 15:56,93939.47,52.75,32.23,M
25/05/2020 16:07,93933.18,51.61,32.38,M
25/05/2020 19:17,93739.26,48.74,32.54,M
04/06/2020 18:20,94390.11,54.56,31.47,M
24/05/2020 12:14,94250.97,53.44,31.57,M
01/06/2020 12:04,95210.97,58.28,29.55,M
25/05/2020 18:58,93779.45,48.38,32.45,M
01/06/2020 12:11,95207.79,57.48,29.53,M
01/06/2020 12:08,95208.65,57.94,29.65,M
29/05/2020 00:20,95118.91,45.29,31.8,M
01/06/2020 12:23,95198.95,58.66,29.36,M
25/05/2020 16:33,93901.79,50.06,32.17,M
04/06/2020 20:02,94445.13,53.9,31.62,M
01/06/2020 12:24,95199.49,58.76,29.38,M
25/05/2020 19:16,93739.9,48.56,32.49,M
04/06/2020 18:51,94402.39,49.44,31.44,M
24/05/2020 11:48,94258.36,53.8,31.56,H
31/05/2020 19:26,94886.33,47.55,30.7,H
04/06/2020 19:55,94434.56,53.84,31.57,M
25/05/2020 17:00,93880.55,48.97,32.28,M
04/06/2020 19:12,94396.3,50.29,31.43,M
04/06/2020 18:52,94400.56,49.38,31.43,M
24/05/2020 12:37,94251.75,53.17,31.53,M
04/06/2020 20:03,94445.88,53.9,31.61,M
04/06/2020 18:48,94401.68,49.46,31.43,M
25/05/2020 19:09,93759.15,49.25,32.48,M
04/06/2020 23:03,94589.89,56.37,31.89,M
24/05/2020 12:43,94246.87,54.35,31.66,M
04/06/2020 19:35,94413.43,52.99,31.53,M
25/05/2020 19:16,93741.77,48.64,32.49,M
24/05/2020 11:47,94257.19,53.86,31.54,H
15/05/2020 00:11,94362.47,59.19,30.78,H
04/06/2020 19:26,94408.63,52.66,31.48,M
04/06/2020 19:52,94433.84,53.68,31.55,M
04/06/2020 11:23,94696.76,60.24,30.68,M
29/05/2020 00:48,95214.21,46.91,31.56,M
15/05/2020 00:49,94337.24,60.82,30.32,M
01/06/2020 12:01,95214.41,58.61,29.45,M
26/05/2020 00:11,94339.37,53.8,31.4,M
26/05/2020 00:17,94344.36,55.53,31.26,M
24/05/2020 12:28,94262.25,53.12,31.35,M
01/06/2020 11:52,95212.66,59.26,29.17,M
31/05/2020 19:17,94839.22,48.01,30.89,H
26/05/2020 00:25,94323.6,55.18,31.58,M
29/05/2020 00:32,95149.42,48.27,31.86,M
31/05/2020 19:15,94840.25,48.05,30.88,H
04/06/2020 18:14,94394.62,54.91,31.47,M
25/05/2020 18:50,93779.69,48.65,32.39,M
15/05/2020 00:11,94359.75,59.23,30.78,H
29/05/2020 01:02,95290.94,44.12,31.42,M
15/05/2020 00:32,94340.93,60.71,30.35,M
31/05/2020 19:41,94940.81,54.91,29.89,M
25/05/2020 23:33,94179.18,51.2,32.51,M
29/05/2020 00:50,95251.26,46.02,31.55,M
15/05/2020 00:05,94366.87,58.99,30.89,H
04/06/2020 11:22,94696.17,60.69,30.63,M
29/05/2020 00:55,95240.97,46.26,31.47,M
29/05/2020 01:02,95286.1,44.21,31.4,M
15/05/2020 00:56,94331.19,61.08,30.46,M
25/05/2020 16:27,93906.15,50.95,32.19,M
01/06/2020 12:03,95213.24,58.58,29.52,M
04/06/2020 20:49,94482.37,49.23,31.47,M
04/06/2020 19:28,94412.02,52.81,31.51,M
01/06/2020 12:16,95210.38,59.25,29.21,M
25/05/2020 16:12,93916.83,51,32.32,M
01/06/2020 12:20,95203.84,59.17,29.27,M
25/05/2020 15:52,93949.33,53.27,32.1,M
25/05/2020 16:13,93918.14,50.99,32.31,M
31/05/2020 19:33,94909.99,51.38,30.49,M
01/06/2020 12:13,95210.98,58.51,29.3,M
24/05/2020 11:55,94253.6,53.87,31.63,H
26/05/2020 00:07,94325.01,53.2,31.41,M
24/05/2020 12:29,94262.02,52.92,31.38,M
15/05/2020 00:05,94366.03,59.05,30.89,H
26/05/2020 00:19,94343.27,55.57,31.35,M
15/05/2020 00:28,94343.63,60.45,30.45,M
25/05/2020 19:12,93750.83,49.14,32.49,M
25/05/2020 16:47,93888.51,49.21,32.16,M
25/05/2020 16:26,93910.74,50.98,32.16,M
25/05/2020 19:31,93750.03,45.37,32.53,M
31/05/2020 19:36,94920.6,53.46,30.06,M
04/06/2020 19:44,94425.21,53.92,31.58,M
29/05/2020 01:07,95406.27,46.2,31.23,M
31/05/2020 19:18,94840.33,47.98,30.9,H
01/06/2020 12:19,95206.83,59.37,29.23,M
14/05/2020 23:12,94345.59,56.83,31.02,M
04/06/2020 19:51,94436.34,53.86,31.59,M
25/05/2020 16:29,93904.38,50.92,32.18,M
25/05/2020 16:35,93901.92,49.8,32.12,M
24/05/2020 12:03,94260.46,53.75,31.67,M
25/05/2020 23:41,94208.92,51.63,32.4,H
01/06/2020 12:02,95213.04,58.92,29.49,M
15/05/2020 00:41,94343.02,60.66,30.33,M
25/05/2020 20:32,93887.18,44.64,32.56,M
25/05/2020 18:57,93777.51,48.83,32.44,M
29/05/2020 00:41,95149.15,47.63,31.56,M
29/05/2020 00:14,95103.86,44.26,31.85,M
24/05/2020 12:08,94258.75,53.63,31.68,M
04/06/2020 20:50,94484.74,48.4,31.44,M
04/06/2020 18:18,94386.76,54.76,31.45,M
25/05/2020 23:23,94144.95,56.48,32.83,M
25/05/2020 16:05,93935.22,52.01,32.4,M
15/05/2020 00:07,94363.6,59.08,30.86,H
04/06/2020 18:11,94391.59,55.26,31.47,M
25/05/2020 16:04,93935.33,52.02,32.38,M
04/06/2020 18:54,94401.61,48.94,31.42,M
29/05/2020 00:30,95157.3,48.11,31.86,M
24/05/2020 11:54,94255.51,53.83,31.64,H
29/05/2020 00:42,95157.04,47.49,31.57,M
15/05/2020 00:39,94337.12,60.62,30.4,M
01/06/2020 11:49,95214.88,59.37,29.14,M
31/05/2020 19:02,94823.72,47.94,30.7,H
25/05/2020 16:56,93882.23,50.12,32.25,M
25/05/2020 16:49,93886.49,49.14,32.14,M
01/06/2020 11:57,95212.71,59.12,29.3,M
04/06/2020 19:29,94411.34,52.8,31.52,M
29/05/2020 00:40,95143.61,47.78,31.65,M
31/05/2020 19:46,94960.31,55.23,29.92,M
25/05/2020 16:09,93929.19,51.5,32.41,M
04/06/2020 19:47,94429.89,53.68,31.6,M
29/05/2020 00:26,95146.28,46.31,31.83,M
04/06/2020 18:46,94399.15,49.27,31.44,M
14/05/2020 23:54,94374.98,58.2,30.94,H
04/06/2020 19:45,94426.58,54.07,31.6,M
24/05/2020 12:48,94239.97,54.34,31.66,M
24/05/2020 12:11,94253.87,53.53,31.68,M
04/06/2020 18:25,94392.25,52.97,31.48,M
04/06/2020 19:30,94409.25,52.98,31.5,M
24/05/2020 11:49,94257.47,53.79,31.58,H
14/05/2020 23:50,94374.52,58.07,30.91,H
04/06/2020 18:59,94401.01,48.24,31.39,M
24/05/2020 12:47,94240.29,54.68,31.71,M
25/05/2020 16:33,93902.24,50.03,32.15,M
24/05/2020 12:04,94258.76,53.65,31.66,M
24/05/2020 12:36,94256.88,53.05,31.42,M
26/05/2020 00:12,94343.11,54.26,31.33,M
04/06/2020 19:49,94432.88,53.91,31.59,M
04/06/2020 18:53,94400.4,49.56,31.4,M
25/05/2020 23:31,94174.88,51.49,32.62,M
04/06/2020 23:06,94590.42,56.71,31.94,M
25/05/2020 16:17,93908.67,50.55,32.27,M
04/06/2020 20:50,94484.3,48.26,31.46,M
31/05/2020 19:04,94826.93,48.16,30.68,H
14/05/2020 23:32,94360.1,59.28,31,H
24/05/2020 11:51,94255.54,53.84,31.59,H
25/05/2020 18:52,93781.28,48.4,32.38,M
14/05/2020 23:41,94373.14,58.19,31.02,H
04/06/2020 20:08,94450.65,53.46,31.59,M
25/05/2020 23:36,94185.3,51,32.46,M
24/05/2020 11:46,94260.43,53.75,31.53,H
04/06/2020 19:02,94403.56,47.9,31.43,M
29/05/2020 01:03,95312.82,44.49,31.37,M
14/05/2020 23:57,94371.34,59.01,30.9,H
04/06/2020 19:32,94411.24,52.99,31.52,M
15/05/2020 00:23,94352.06,59.7,30.64,M
15/05/2020 00:46,94337.41,60.8,30.3,M
24/05/2020 12:44,94245.27,53.96,31.66,M
04/06/2020 11:22,94696.55,61.06,30.66,M
29/05/2020 00:38,95139.1,48.07,31.6,M
04/06/2020 18:54,94398.42,49.13,31.42,M
26/05/2020 00:02,94319.85,51.78,31.51,M
14/05/2020 23:41,94372.74,58.2,31.02,H
04/06/2020 19:07,94401.36,48.71,31.41,M
25/05/2020 19:37,93774.44,44.51,32.55,M
04/06/2020 18:33,94391.78,49.85,31.48,M
14/05/2020 23:54,94371.59,58.18,30.93,H
15/05/2020 00:58,94333.3,61.03,30.54,M
26/05/2020 00:18,94342.69,55.5,31.31,M
24/05/2020 12:06,94257.77,53.6,31.68,M
31/05/2020 19:07,94829.69,48.43,30.8,H
04/06/2020 18:27,94396.75,52.62,31.48,M
25/05/2020 19:17,93739.53,48.84,32.52,M
29/05/2020 01:08,95411.31,48.21,30.93,M
25/05/2020 16:00,93939.71,52.51,32.35,M
31/05/2020 19:21,94843.42,47.86,30.85,H
04/06/2020 18:09,94389.19,55.32,31.54,M
04/06/2020 11:32,94688.62,60.38,30.67,M
25/05/2020 17:04,93873.79,48.36,32.26,M
04/06/2020 20:53,94491.67,48.14,31.34,M
25/05/2020 19:02,93780.39,48.32,32.44,M
31/05/2020 19:46,94960.98,55.3,29.88,M
01/06/2020 12:24,95200.01,58.85,29.41,M
15/05/2020 00:28,94347.84,60.35,30.45,M
04/06/2020 20:01,94444.67,53.77,31.6,M
04/06/2020 19:01,94401.14,47.91,31.42,M
15/05/2020 00:21,94353.09,59.39,30.73,M
14/05/2020 23:56,94371.71,58.35,30.88,H
04/06/2020 11:19,94695.7,60.26,30.64,M
01/06/2020 11:50,95212.72,58.98,29.12,M
31/05/2020 19:08,94831.26,48.49,30.82,H
01/06/2020 12:27,95200.2,58.41,29.44,M
25/05/2020 23:40,94204.26,51.03,32.36,H
25/05/2020 16:56,93883.07,50.3,32.23,M
01/06/2020 12:00,95212.16,58.79,29.47,M
25/05/2020 23:22,94137.28,50.88,32.53,M
25/05/2020 23:44,94225.38,51.03,32.24,H
14/05/2020 23:46,94373.06,58.15,30.94,H
26/05/2020 00:26,94323.37,55.01,31.6,M
14/05/2020 23:38,94368.25,58.61,31.02,H
25/05/2020 16:24,93907.35,50.42,32.15,M
04/06/2020 20:01,94442.84,53.81,31.62,M
04/06/2020 18:55,94402.46,49.25,31.41,M
04/06/2020 19:27,94409.99,52.63,31.53,M
01/06/2020 12:11,95209.27,57.77,29.46,M
04/06/2020 11:37,94689.66,60.25,30.68,M
26/05/2020 00:16,94348.65,55.45,31.15,M
31/05/2020 19:13,94839.91,48.46,30.87,H
25/05/2020 19:32,93753.45,44.95,32.51,M
04/06/2020 18:22,94388.31,54.3,31.46,M
01/06/2020 12:10,95212.85,57.71,29.69,M
25/05/2020 16:27,93904.45,50.98,32.19,M
15/05/2020 00:04,94367.67,58.88,30.91,H
04/06/2020 19:54,94433.43,53.65,31.58,M
25/05/2020 19:00,93781.08,48.2,32.48,M
29/05/2020 00:44,95162.26,47.2,31.59,M
25/05/2020 16:45,93894.66,49.9,32.17,M
25/05/2020 16:16,93909.85,50.77,32.25,M
25/05/2020 16:11,93922.23,51.08,32.4,M
14/05/2020 23:59,94372.78,58.98,30.94,H
14/05/2020 23:44,94372.88,57.92,30.99,H
04/06/2020 19:53,94432.86,53.78,31.56,M
29/05/2020 00:22,95123.3,45.31,31.9,M
15/05/2020 00:57,94333.68,61.08,30.53,M
04/06/2020 19:36,94415.11,53.04,31.5,M
01/06/2020 12:15,95211.88,58.96,29.2,M
25/05/2020 20:30,93884.43,45.02,32.58,M
25/05/2020 19:30,93749.56,45.27,32.51,M
25/05/2020 23:29,94172.69,50.8,32.72,M
25/05/2020 19:09,93759,49.03,32.46,M
24/05/2020 12:26,94259.66,53.13,31.4,M
25/05/2020 23:39,94201.51,51.02,32.42,H
14/05/2020 23:53,94375.12,58.19,30.94,H
01/06/2020 11:52,95212.61,58.87,29.19,M
29/05/2020 00:54,95260.87,45.21,31.42,M
24/05/2020 11:59,94256.34,53.89,31.66,M
25/05/2020 23:20,94134.27,50.22,32.48,M
04/06/2020 20:07,94449.62,53.72,31.59,M
25/05/2020 16:55,93880.95,50.31,32.22,M
25/05/2020 23:53,94275.96,51.27,31.46,H
25/05/2020 17:06,93875.59,48.45,32.25,M
25/05/2020 16:10,93927.73,51.35,32.38,M
15/05/2020 00:42,94340.97,60.7,30.31,M
25/05/2020 15:59,93940.12,52.73,32.27,M
25/05/2020 16:08,93933.15,51.77,32.39,M
25/05/2020 16:20,93909.84,50.2,32.23,M
25/05/2020 19:04,93774.76,48.53,32.43,M
29/05/2020 00:25,95145.71,46.04,31.85,M
14/05/2020 23:18,94351.42,57.95,31.15,M
04/06/2020 11:38,94687.97,60.23,30.64,M
14/05/2020 23:20,94348.41,59.11,31.05,M
15/05/2020 00:21,94354.61,59.31,30.77,M
14/05/2020 23:04,94334.45,56.41,30.94,M
25/05/2020 16:23,93913.08,50.1,32.14,M
04/06/2020 23:05,94590.89,56.4,31.94,M
29/05/2020 00:13,95117.97,44.03,31.81,M
25/05/2020 19:06,93770.34,48.63,32.41,M
04/06/2020 20:56,94495.71,48.07,31.25,M
14/05/2020 23:22,94352.29,59.37,30.95,M
04/06/2020 18:23,94391.86,53.68,31.46,M
25/05/2020 18:52,93781.05,48.23,32.4,M
31/05/2020 19:10,94837.64,48.5,30.86,H
25/05/2020 16:30,93901.05,50.5,32.2,M
25/05/2020 23:54,94289.34,51.48,31.29,H
01/06/2020 11:54,95211.27,58.99,29.17,M
04/06/2020 18:41,94395.67,50.1,31.47,M
26/05/2020 00:23,94348.19,55.67,31.46,M
25/05/2020 23:27,94158.36,49.85,32.92,M
04/06/2020 19:38,94415.02,53.2,31.53,M
25/05/2020 23:33,94179.07,51.22,32.57,M
04/06/2020 19:10,94400.05,49.6,31.42,M
04/06/2020 19:53,94431.93,53.81,31.57,M
14/05/2020 23:38,94369.7,58.55,31.03,H
01/06/2020 12:12,95209.02,58.14,29.41,M
04/06/2020 19:32,94411.11,53.04,31.51,M
31/05/2020 19:45,94956.89,55.17,29.84,M
15/05/2020 00:06,94365.76,59.05,30.89,H
25/05/2020 19:32,93755.49,45.31,32.5,M
14/05/2020 23:02,94332.69,56.48,30.93,M
31/05/2020 19:32,94911.3,50.41,30.62,M
29/05/2020 00:27,95152.96,47.75,31.82,M
31/05/2020 19:09,94833.76,48.5,30.85,H
14/05/2020 23:37,94366.67,58.67,31,H
31/05/2020 19:00,94822.37,47.91,30.71,H
04/06/2020 19:18,94398.48,51.67,31.43,M
15/05/2020 00:38,94341.59,60.68,30.41,M
15/05/2020 00:34,94338.9,60.88,30.33,M
31/05/2020 19:40,94938.22,54.83,29.92,M
25/05/2020 17:08,93875.2,48.29,32.3,M
04/06/2020 18:28,94395.38,51.78,31.48,M
26/05/2020 00:16,94347.38,55.56,31.22,M
25/05/2020 16:01,93934.73,52.54,32.42,M
31/05/2020 19:05,94825.97,48.33,30.68,H
24/05/2020 12:15,94251.84,53.52,31.55,M
28/05/2020 23:35,94972.37,43.19,31.74,M
29/05/2020 00:21,95120.95,45.29,31.86,M
25/05/2020 16:21,93914.31,49.93,32.17,M
04/06/2020 19:02,94404.82,48.23,31.42,M
25/05/2020 16:13,93912.29,50.92,32.27,M
29/05/2020 00:53,95264.24,45.23,31.42,M
25/05/2020 16:24,93909.88,50.23,32.16,M
04/06/2020 11:36,94688.98,60.32,30.67,M
24/05/2020 12:17,94252.61,53.1,31.48,M
25/05/2020 16:50,93885.59,49.11,32.13,M
25/05/2020 16:28,93903.4,50.85,32.17,M
24/05/2020 12:35,94259,52.99,31.41,M
14/05/2020 23:58,94372,58.91,30.91,H
25/05/2020 16:46,93890.9,49.71,32.15,M
15/05/2020 00:41,94338.76,60.64,30.35,M
04/06/2020 18:05,94395,55.68,31.71,M
25/05/2020 19:12,93754.25,49.19,32.48,M
25/05/2020 17:02,93879.57,48.35,32.31,M
01/06/2020 12:04,95212.68,58.56,29.53,M
04/06/2020 18:10,94391.33,55.34,31.47,M
14/05/2020 23:15,94349.31,57.39,31.07,M
04/06/2020 19:34,94414.11,53.06,31.53,M
31/05/2020 19:37,94923.81,53.51,30.01,M
29/05/2020 00:32,95143.58,48.52,31.89,M
24/05/2020 12:10,94255.74,53.55,31.7,M
24/05/2020 12:41,94246.68,54.2,31.59,M
04/06/2020 18:17,94389.71,54.77,31.46,M
04/06/2020 18:44,94399.68,49.03,31.47,M
14/05/2020 23:04,94335.39,56.42,30.95,M
04/06/2020 23:01,94589.89,56.54,31.86,M
04/06/2020 18:09,94390.57,55.17,31.52,M
25/05/2020 16:54,93879.82,50.05,32.17,M
01/06/2020 12:25,95198.06,58.64,29.44,M
24/05/2020 12:47,94240.83,55.97,31.7,M
15/05/2020 00:24,94352.05,59.97,30.52,M
25/05/2020 16:49,93887.83,49,32.15,M
24/05/2020 11:52,94255.52,53.83,31.6,H
29/05/2020 00:18,95123.7,44.82,31.88,M
04/06/2020 18:23,94393.74,53.91,31.45,M
25/05/2020 23:32,94177.1,51.5,32.6,M
01/06/2020 12:22,95200.58,58.66,29.35,M
14/05/2020 23:56,94371.48,58.34,30.89,H
24/05/2020 12:34,94259.64,52.78,31.4,M
29/05/2020 00:17,95121.36,44.67,31.84,M
29/05/2020 00:34,95146.99,47.99,31.79,M
25/05/2020 18:51,93779.11,48.41,32.38,M
25/05/2020 17:01,93879.98,48.5,32.29,M
25/05/2020 19:01,93781.17,48.83,32.49,M
25/05/2020 15:59,93940.04,52.68,32.31,M
25/05/2020 23:57,94300.02,51.89,31.46,H
26/05/2020 00:23,94346.91,55.45,31.47,M
24/05/2020 12:12,94251.68,53.58,31.65,M
25/05/2020 20:33,93889.2,45.09,32.56,M
14/05/2020 23:22,94352.88,59.46,30.93,M
29/05/2020 00:28,95174.7,47.59,31.86,M
24/05/2020 12:05,94258.44,53.65,31.67,M
04/06/2020 19:34,94412.43,53.03,31.54,M
04/06/2020 19:48,94431.32,54.05,31.58,M
15/05/2020 00:47,94341.6,60.77,30.3,M
04/06/2020 18:59,94401.39,48.09,31.42,M
31/05/2020 19:37,94922.13,53.83,29.93,M
25/05/2020 23:54,94293.8,51.58,31.32,H
24/05/2020 12:00,94256.82,53.9,31.65,M
15/05/2020 00:08,94364.5,59.18,30.84,H
14/05/2020 23:40,94369.92,58.39,31.04,H
04/06/2020 19:19,94397.03,52,31.41,M
25/05/2020 16:11,93923.45,51.46,32.41,M
25/05/2020 23:28,94166.19,49.95,32.85,M
04/06/2020 19:46,94426.27,54.04,31.6,M
25/05/2020 23:27,94163.05,49.92,32.88,M
26/05/2020 00:24,94336.82,55.15,31.53,M
25/05/2020 23:45,94225.3,52.1,32.29,H
29/05/2020 00:24,95138.54,45.65,31.86,M
25/05/2020 23:59,94305.16,51.74,31.58,M
15/05/2020 00:00,94371.99,58.68,30.99,H
14/05/2020 23:14,94348.95,56.99,31.05,M
14/05/2020 23:27,94358.49,59.14,31.01,H
14/05/2020 23:52,94375.76,58.22,30.91,H
25/05/2020 17:03,93873.91,48.35,32.25,M
31/05/2020 19:48,94965.76,55.08,29.94,M
04/06/2020 19:19,94397.84,51.92,31.41,M
31/05/2020 19:47,94961.1,55.13,29.91,M
31/05/2020 19:17,94839.17,47.97,30.89,H
25/05/2020 17:05,93872.58,48.33,32.28,M
25/05/2020 20:38,93904.67,45.64,32.52,M
29/05/2020 00:45,95180.8,47.83,31.63,M
29/05/2020 00:12,95112.83,42.95,31.91,M
24/05/2020 12:23,94255.98,53.46,31.43,M
29/05/2020 00:56,95237.78,45.2,31.45,M
31/05/2020 19:06,94829.63,48.4,30.73,H
15/05/2020 00:08,94362.84,59.11,30.85,H
24/05/2020 11:56,94255.31,53.87,31.64,H
25/05/2020 23:58,94300.74,52.15,31.5,H
25/05/2020 16:51,93881.88,49.35,32.13,M
29/05/2020 00:35,95143.98,48.76,31.79,M
04/06/2020 18:13,94392.76,54.78,31.47,M
04/06/2020 20:58,94494.45,47.23,31.28,M
15/05/2020 00:30,94343.45,60.43,30.42,M
04/06/2020 11:28,94689.15,60.21,30.67,M
15/05/2020 00:24,94352.46,59.89,30.56,M
04/06/2020 19:31,94409.88,53.01,31.52,M
24/05/2020 12:37,94253.8,53.15,31.48,M
26/05/2020 00:06,94321.89,53.08,31.37,M
25/05/2020 16:31,93899.43,50.26,32.21,M
25/05/2020 19:05,93772.52,48.54,32.41,M
15/05/2020 00:49,94335.41,60.89,30.33,M
28/05/2020 23:29,94943.61,42.79,31.68,M
25/05/2020 16:48,93888.77,49.11,32.14,M
04/06/2020 19:26,94408.76,52.61,31.48,M
29/05/2020 00:46,95192.76,46.45,31.61,M
04/06/2020 19:45,94427.36,53.97,31.58,M
04/06/2020 19:40,94422.04,53.51,31.55,M
29/05/2020 00:53,95263.08,45.23,31.39,M
14/05/2020 23:13,94346.79,56.91,31.05,M
25/05/2020 23:55,94295.33,51.44,31.29,H
29/05/2020 00:55,95244.45,45.43,31.46,M
01/06/2020 12:28,95200.71,58.23,29.49,M
26/05/2020 00:17,94348.82,55.68,31.25,M
15/05/2020 00:26,94349.72,60.39,30.48,M
04/06/2020 18:51,94399.65,49.18,31.42,M
24/05/2020 12:05,94258.9,53.6,31.68,M
25/05/2020 20:38,93904.54,45.47,32.51,M
25/05/2020 18:58,93777.23,48.26,32.44,M
26/05/2020 00:06,94324.25,53.16,31.38,M
01/06/2020 11:56,95214.17,58.83,29.27,M
04/06/2020 18:33,94391.99,50.69,31.49,M
24/05/2020 11:58,94255.82,53.88,31.66,H
14/05/2020 23:58,94373.19,58.73,30.91,H
24/05/2020 11:59,94256.72,53.89,31.65,M
25/05/2020 18:53,93778.44,48.1,32.4,M
04/06/2020 19:20,94401.46,52.15,31.4,M
01/06/2020 12:20,95205.48,59.24,29.26,M
15/05/2020 00:52,94331.54,61.06,30.37,M
14/05/2020 23:23,94356.21,59.59,30.94,H
24/05/2020 12:08,94257.96,53.6,31.69,M
31/05/2020 19:22,94845.49,47.84,30.84,H
24/05/2020 12:09,94258.23,53.6,31.68,M
14/05/2020 23:28,94356.17,59.17,31.01,H
31/05/2020 19:29,94891.48,49.36,30.67,M
04/06/2020 20:05,94447.12,53.8,31.57,M
04/06/2020 18:50,94400.64,49.45,31.45,M
04/06/2020 19:21,94401.56,52.31,31.43,M
04/06/2020 20:52,94490.1,48.28,31.36,M
04/06/2020 18:46,94399.02,49.54,31.42,M
24/05/2020 12:09,94257.38,53.64,31.66,M
04/06/2020 18:56,94399.32,48.91,31.43,M
14/05/2020 23:39,94371.22,58.49,31.04,H
04/06/2020 23:08,94595.61,56.37,31.94,M
14/05/2020 23:43,94372.57,58.23,31.02,H
04/06/2020 19:17,94399.36,51.38,31.42,M
25/05/2020 23:47,94228.75,51.4,32.25,H
29/05/2020 00:51,95269.74,45.58,31.53,M
04/06/2020 18:36,94392.23,50.22,31.46,M
04/06/2020 19:28,94410.75,52.69,31.53,M
04/06/2020 19:47,94430.71,53.93,31.6,M
04/06/2020 19:22,94401.44,52.31,31.43,M
28/05/2020 23:36,94983.8,42.41,31.77,M
25/05/2020 20:35,93897.74,44.81,32.49,M
04/06/2020 20:52,94487.45,48.56,31.39,M
04/06/2020 23:00,94588.22,57.2,31.84,M
25/05/2020 23:35,94183.41,50.91,32.48,M
31/05/2020 19:35,94912.51,52.29,30.34,M
31/05/2020 19:16,94839.21,47.96,30.89,H
14/05/2020 23:16,94347.83,57.46,31.08,M
25/05/2020 16:04,93935.45,52.15,32.39,M
01/06/2020 12:23,95199.64,58.75,29.37,M
25/05/2020 20:29,93881.63,45.58,32.56,M
04/06/2020 18:58,94400.52,48.93,31.44,M
25/05/2020 18:56,93777.65,48.15,32.42,M
29/05/2020 00:47,95205.14,47.39,31.56,M
25/05/2020 23:21,94133.65,50.76,32.46,M
29/05/2020 01:06,95377.24,45.35,31.3,M
14/05/2020 23:35,94361.33,59.14,31.04,H
29/05/2020 01:00,95250.32,46.54,31.54,M
26/05/2020 00:25,94328.52,55.01,31.56,M
28/05/2020 23:37,94987.25,42.29,31.76,M
15/05/2020 00:45,94338.09,60.75,30.3,M
29/05/2020 00:28,95172.1,48.25,31.87,M
25/05/2020 16:26,93909.56,51.09,32.19,M
04/06/2020 11:31,94688.14,60.43,30.65,M
25/05/2020 16:43,93901.05,50.22,32.17,M
14/05/2020 23:57,94373.27,59.34,30.9,H
31/05/2020 19:39,94937.78,54.73,29.82,M
25/05/2020 19:33,93758.57,45.62,32.51,M
25/05/2020 16:52,93882.5,49.78,32.15,M
14/05/2020 23:48,94375.11,57.98,30.91,H
15/05/2020 00:15,94354.28,59.56,30.72,M
15/05/2020 00:14,94354.29,59.54,30.72,H
25/05/2020 23:42,94219.04,51.51,32.44,H
04/06/2020 19:50,94429.83,53.86,31.58,M
26/05/2020 00:10,94337.54,53.88,31.38,M
29/05/2020 01:05,95322.89,43.98,31.31,M
15/05/2020 00:13,94354.98,59.49,30.73,H
15/05/2020 00:44,94341.13,60.75,30.29,M
25/05/2020 23:48,94237.84,50.68,32,H
15/05/2020 00:12,94358.49,59.28,30.77,H
31/05/2020 19:00,94822.02,47.96,30.72,H
31/05/2020 19:01,94823.34,47.93,30.7,H
14/05/2020 23:08,94347.11,56.82,30.99,M
04/06/2020 18:25,94393.34,52.99,31.49,M
24/05/2020 12:24,94258.98,52.86,31.43,M
15/05/2020 00:09,94363.83,59.13,30.83,H
04/06/2020 19:56,94435.97,53.75,31.56,M
25/05/2020 23:40,94207.06,51.67,32.39,H
25/05/2020 16:57,93882.18,49.8,32.23,M
01/06/2020 12:06,95210.7,57.95,29.6,M
01/06/2020 12:09,95213.4,57.85,29.7,M
31/05/2020 19:28,94890.98,48.96,30.67,H
14/05/2020 21:26,94271.05,55.36,30.92,M
29/05/2020 00:33,95152.62,48.33,31.82,M
04/06/2020 19:42,94421.6,53.85,31.54,M
31/05/2020 19:39,94927.25,54.66,29.81,M
15/05/2020 00:15,94354.82,59.53,30.72,M
04/06/2020 19:03,94403.33,47.64,31.44,M
04/06/2020 11:30,94689.41,60.47,30.66,M
29/05/2020 00:19,95123.93,45.12,31.78,M
25/05/2020 18:55,93779.01,48.27,32.41,M
26/05/2020 00:08,94330.71,53.6,31.42,M
04/06/2020 19:11,94401.51,50.22,31.41,M
26/05/2020 00:20,94347.29,55.59,31.37,M
04/06/2020 23:01,94588.56,56.46,31.85,M
14/05/2020 23:10,94347.71,56.9,31,M
01/06/2020 11:59,95212.06,58.6,29.4,M
26/05/2020 00:22,94348.75,55.82,31.42,M
04/06/2020 18:30,94393.61,50.95,31.51,M
14/05/2020 23:06,94342.47,56.68,30.97,M
28/05/2020 23:36,94980.85,42.46,31.77,M
25/05/2020 23:59,94310.15,51.76,31.59,M
26/05/2020 00:04,94319.05,52.67,31.41,M
31/05/2020 19:36,94919.28,53.21,30.1,M
04/06/2020 18:08,94388.69,55.2,31.56,M
15/05/2020 00:10,94363.4,59.17,30.82,H
04/06/2020 19:50,94430.75,53.75,31.58,M
04/06/2020 19:13,94396.7,50.86,31.43,M
29/05/2020 00:20,95119.04,45.3,31.82,M
04/06/2020 18:06,94392.9,55.5,31.63,M
14/05/2020 23:50,94375.6,58.11,30.91,H
04/06/2020 18:43,94398.65,49.23,31.46,M
04/06/2020 20:51,94485.46,48.57,31.42,M
25/05/2020 16:01,93939.72,52.55,32.34,M
26/05/2020 00:00,94310.95,51.81,31.6,M
15/05/2020 00:52,94331.94,61.21,30.4,M
25/05/2020 16:22,93911.83,49.84,32.14,M
24/05/2020 12:14,94252.08,53.54,31.54,M
25/05/2020 16:53,93880.19,50.02,32.15,M
25/05/2020 15:55,93937.5,52.96,32.23,M
29/05/2020 01:04,95319.77,43.76,31.37,M
29/05/2020 00:21,95119.2,45.27,31.84,M
04/06/2020 19:58,94437.76,53.65,31.59,M
31/05/2020 19:33,94910.22,50.84,30.56,M
24/05/2020 12:38,94250.33,53.31,31.57,M
26/05/2020 00:07,94326.48,53.25,31.39,M
04/06/2020 18:30,94393.72,51.4,31.51,M
25/05/2020 16:55,93881.07,50.29,32.23,M
04/06/2020 19:17,94396.26,51.55,31.42,M
26/05/2020 00:01,94320.24,51.47,31.58,M
01/06/2020 12:00,95213.04,58.55,29.45,M
04/06/2020 19:18,94397.49,51.72,31.42,M
25/05/2020 19:05,93773.31,48.49,32.42,M
04/06/2020 18:16,94390.57,54.77,31.47,M
04/06/2020 18:10,94390.78,55.17,31.49,M
01/06/2020 12:07,95208.68,58.09,29.6,M
04/06/2020 19:37,94416.68,53.16,31.53,M
14/05/2020 23:21,94351.93,59.29,30.99,M
14/05/2020 23:30,94354.3,59.34,31,H
04/06/2020 20:05,94449.78,53.81,31.58,M
25/05/2020 23:57,94299.68,51.82,31.44,H
29/05/2020 00:36,95138.6,48.04,31.69,M
25/05/2020 16:09,93928.87,51.37,32.39,M
15/05/2020 00:03,94369.9,58.84,30.93,H
15/05/2020 00:22,94354.98,59.54,30.69,M
28/05/2020 23:38,94992.7,42.45,31.78,M
04/06/2020 11:33,94688.22,60.35,30.65,M
04/06/2020 18:24,94394,53.08,31.45,M
04/06/2020 19:04,94403.43,48.03,31.4,M
25/05/2020 23:34,94180.9,51.44,32.51,M
24/05/2020 12:01,94260.86,53.89,31.66,M
15/05/2020 00:16,94354.41,59.56,30.72,M
04/06/2020 18:47,94401.66,49.59,31.44,M
28/05/2020 23:34,94963.96,42.4,31.71,M
15/05/2020 00:30,94344.74,60.43,30.4,M
31/05/2020 19:30,94890.34,49.47,30.7,M
25/05/2020 16:18,93906.9,50.27,32.22,M
01/06/2020 12:21,95202.53,59.13,29.31,M
04/06/2020 11:37,94689.37,60.22,30.68,M
04/06/2020 18:22,94390.2,53.91,31.44,M
26/05/2020 00:28,94329.04,54.27,31.71,M
25/05/2020 16:41,93903.77,50.37,32.12,M
14/05/2020 23:34,94363.02,59.18,31.03,H
25/05/2020 15:58,93942.63,52.74,32.25,M
04/06/2020 11:28,94688.2,60.28,30.63,M
04/06/2020 20:55,94497.17,47.94,31.22,M
01/06/2020 12:17,95208.2,59.11,29.22,M
25/05/2020 19:07,93766.26,48.65,32.42,M
01/06/2020 11:51,95213.36,58.87,29.15,M
25/05/2020 19:03,93779.02,48.42,32.45,M
15/05/2020 00:47,94339.84,60.79,30.3,M
25/05/2020 16:42,93899.8,50.47,32.17,M
24/05/2020 12:46,94242.98,54,31.69,M
24/05/2020 12:39,94248.92,53.47,31.59,M
25/05/2020 15:56,93941.45,52.64,32.24,M
04/06/2020 19:37,94416.48,53.07,31.53,M
28/05/2020 23:29,94945.44,42.64,31.69,M
25/05/2020 16:39,93901,49.98,32.11,M
04/06/2020 19:48,94431.3,54,31.59,M
04/06/2020 18:52,94400.08,49.57,31.43,M
25/05/2020 19:13,93748.57,49.08,32.49,M
14/05/2020 23:53,94375.02,58.17,30.92,H
15/05/2020 00:45,94340.73,60.75,30.29,M
29/05/2020 00:57,95234.4,45.16,31.45,M
31/05/2020 19:35,94914.68,53.04,30.16,M
15/05/2020 00:40,94339.88,60.62,30.37,M
31/05/2020 19:48,94968,55.08,29.92,M
29/05/2020 00:30,95159.32,48.35,31.88,M
31/05/2020 19:32,94907.39,50.17,30.65,M
31/05/2020 19:30,94893.64,49.57,30.72,M
29/05/2020 00:59,95245.32,44.72,31.52,M
29/05/2020 00:46,95183.26,47.54,31.64,M
25/05/2020 20:32,93885.63,44.47,32.55,M
31/05/2020 19:01,94822.63,47.95,30.71,H
31/05/2020 19:34,94909.67,51.9,30.41,M
24/05/2020 12:48,94239.82,53.87,31.69,M
24/05/2020 11:47,94258.87,53.79,31.57,H
04/06/2020 20:57,94495.88,47.65,31.27,M
29/05/2020 00:13,95109.06,44.48,31.83,M
25/05/2020 16:58,93883.26,49.68,32.24,M
25/05/2020 20:37,93902.89,45.24,32.49,M
14/05/2020 23:42,94372.22,58.24,31,H
31/05/2020 19:25,94882.15,47.49,30.75,H
26/05/2020 00:10,94335.87,53.76,31.35,M
04/06/2020 11:20,94694.66,60.41,30.6,M
04/06/2020 18:26,94393.23,52.79,31.48,M
04/06/2020 18:45,94398.24,49.03,31.44,M
26/05/2020 00:13,94345.79,54.77,31.27,M
31/05/2020 19:28,94888.99,48.65,30.7,H
25/05/2020 20:36,93901.3,44.9,32.48,M
25/05/2020 16:30,93899.86,50.8,32.2,M
25/05/2020 16:02,93934.28,52.3,32.42,M
25/05/2020 16:50,93886.69,49.31,32.15,M
24/05/2020 12:21,94251.61,53.02,31.43,M
25/05/2020 16:25,93908.67,50.78,32.15,M
